,AUS.VCINV.VCT.USDV.A,AUS.VCINV.SEED.USDV.A,AUS.VCINV.START.USDV.A,AUS.VCINV.LATER.USDV.A,AUT.VCINV.VCT.USDV.A,AUT.VCINV.SEED.USDV.A,AUT.VCINV.START.USDV.A,AUT.VCINV.LATER.USDV.A,BEL.VCINV.VCT.USDV.A,BEL.VCINV.SEED.USDV.A,BEL.VCINV.START.USDV.A,BEL.VCINV.LATER.USDV.A,CAN.VCINV.VCT.USDV.A,CAN.VCINV.SEED.USDV.A,CAN.VCINV.START.USDV.A,CAN.VCINV.LATER.USDV.A,CZE.VCINV.VCT.USDV.A,CZE.VCINV.SEED.USDV.A,CZE.VCINV.START.USDV.A,CZE.VCINV.LATER.USDV.A,DNK.VCINV.VCT.USDV.A,DNK.VCINV.SEED.USDV.A,DNK.VCINV.START.USDV.A,DNK.VCINV.LATER.USDV.A,FIN.VCINV.VCT.USDV.A,FIN.VCINV.SEED.USDV.A,FIN.VCINV.START.USDV.A,FIN.VCINV.LATER.USDV.A,FRA.VCINV.VCT.USDV.A,FRA.VCINV.SEED.USDV.A,FRA.VCINV.START.USDV.A,FRA.VCINV.LATER.USDV.A,DEU.VCINV.VCT.USDV.A,DEU.VCINV.SEED.USDV.A,DEU.VCINV.START.USDV.A,DEU.VCINV.LATER.USDV.A,GRC.VCINV.VCT.USDV.A,GRC.VCINV.SEED.USDV.A,GRC.VCINV.START.USDV.A,GRC.VCINV.LATER.USDV.A,HUN.VCINV.VCT.USDV.A,HUN.VCINV.SEED.USDV.A,HUN.VCINV.START.USDV.A,HUN.VCINV.LATER.USDV.A,IRL.VCINV.VCT.USDV.A,IRL.VCINV.SEED.USDV.A,IRL.VCINV.START.USDV.A,IRL.VCINV.LATER.USDV.A,ITA.VCINV.VCT.USDV.A,ITA.VCINV.SEED.USDV.A,ITA.VCINV.START.USDV.A,ITA.VCINV.LATER.USDV.A,JPN.VCINV.VCT.USDV.A,JPN.VCINV.SEED.USDV.A,JPN.VCINV.START.USDV.A,JPN.VCINV.LATER.USDV.A,KOR.VCINV.VCT.USDV.A,LUX.VCINV.VCT.USDV.A,LUX.VCINV.SEED.USDV.A,LUX.VCINV.START.USDV.A,LUX.VCINV.LATER.USDV.A,NLD.VCINV.VCT.USDV.A,NLD.VCINV.SEED.USDV.A,NLD.VCINV.START.USDV.A,NLD.VCINV.LATER.USDV.A,NZL.VCINV.VCT.USDV.A,NOR.VCINV.VCT.USDV.A,NOR.VCINV.SEED.USDV.A,NOR.VCINV.START.USDV.A,NOR.VCINV.LATER.USDV.A,POL.VCINV.VCT.USDV.A,POL.VCINV.SEED.USDV.A,POL.VCINV.START.USDV.A,POL.VCINV.LATER.USDV.A,PRT.VCINV.VCT.USDV.A,PRT.VCINV.SEED.USDV.A,PRT.VCINV.START.USDV.A,PRT.VCINV.LATER.USDV.A,SVK.VCINV.VCT.USDV.A,SVK.VCINV.SEED.USDV.A,SVK.VCINV.START.USDV.A,SVK.VCINV.LATER.USDV.A,ESP.VCINV.VCT.USDV.A,ESP.VCINV.SEED.USDV.A,ESP.VCINV.START.USDV.A,ESP.VCINV.LATER.USDV.A,SWE.VCINV.VCT.USDV.A,SWE.VCINV.SEED.USDV.A,SWE.VCINV.START.USDV.A,SWE.VCINV.LATER.USDV.A,CHE.VCINV.VCT.USDV.A,CHE.VCINV.SEED.USDV.A,CHE.VCINV.START.USDV.A,CHE.VCINV.LATER.USDV.A,GBR.VCINV.VCT.USDV.A,GBR.VCINV.SEED.USDV.A,GBR.VCINV.START.USDV.A,GBR.VCINV.LATER.USDV.A,USA.VCINV.VCT.USDV.A,USA.VCINV.SEED.USDV.A,USA.VCINV.START.USDV.A,USA.VCINV.LATER.USDV.A,EST.VCINV.VCT.USDV.A,EST.VCINV.SEED.USDV.A,EST.VCINV.START.USDV.A,EST.VCINV.LATER.USDV.A,ISR.VCINV.VCT.USDV.A,ISR.VCINV.SEED.USDV.A,ISR.VCINV.START.USDV.A,ISR.VCINV.LATER.USDV.A,LVA.VCINV.VCT.USDV.A,LVA.VCINV.SEED.USDV.A,LVA.VCINV.START.USDV.A,LVA.VCINV.LATER.USDV.A,LTU.VCINV.VCT.USDV.A,LTU.VCINV.SEED.USDV.A,LTU.VCINV.START.USDV.A,LTU.VCINV.LATER.USDV.A,ROU.VCINV.VCT.USDV.A,ROU.VCINV.SEED.USDV.A,ROU.VCINV.START.USDV.A,ROU.VCINV.LATER.USDV.A,RUS.VCINV.VCT.USDV.A,SVN.VCINV.VCT.USDV.A,SVN.VCINV.SEED.USDV.A,SVN.VCINV.START.USDV.A,SVN.VCINV.LATER.USDV.A,ZAF.VCINV.VCT.USDV.A,BGR.VCINV.VCT.USDV.A,BGR.VCINV.SEED.USDV.A,BGR.VCINV.START.USDV.A,BGR.VCINV.LATER.USDV.A,HRV.VCINV.VCT.USDV.A,HRV.VCINV.SEED.USDV.A,HRV.VCINV.START.USDV.A,HRV.VCINV.LATER.USDV.A
,"Australia: Venture capital investments, Total, USD, current prices","Australia: Venture capital investments, Seed, USD, current prices","Australia: Venture capital investments, Start-up and other early stage, USD, current prices","Australia: Venture capital investments, Later stage venture, USD, current prices","Austria: Venture capital investments, Total, USD, current prices","Austria: Venture capital investments, Seed, USD, current prices","Austria: Venture capital investments, Start-up and other early stage, USD, current prices","Austria: Venture capital investments, Later stage venture, USD, current prices","Belgium: Venture capital investments, Total, USD, current prices","Belgium: Venture capital investments, Seed, USD, current prices","Belgium: Venture capital investments, Start-up and other early stage, USD, current prices","Belgium: Venture capital investments, Later stage venture, USD, current prices","Canada: Venture capital investments, Total, USD, current prices","Canada: Venture capital investments, Seed, USD, current prices","Canada: Venture capital investments, Start-up and other early stage, USD, current prices","Canada: Venture capital investments, Later stage venture, USD, current prices","Czech Republic: Venture capital investments, Total, USD, current prices","Czech Republic: Venture capital investments, Seed, USD, current prices","Czech Republic: Venture capital investments, Start-up and other early stage, USD, current prices","Czech Republic: Venture capital investments, Later stage venture, USD, current prices","Denmark: Venture capital investments, Total, USD, current prices","Denmark: Venture capital investments, Seed, USD, current prices","Denmark: Venture capital investments, Start-up and other early stage, USD, current prices","Denmark: Venture capital investments, Later stage venture, USD, current prices","Finland: Venture capital investments, Total, USD, current prices","Finland: Venture capital investments, Seed, USD, current prices","Finland: Venture capital investments, Start-up and other early stage, USD, current prices","Finland: Venture capital investments, Later stage venture, USD, current prices","France: Venture capital investments, Total, USD, current prices","France: Venture capital investments, Seed, USD, current prices","France: Venture capital investments, Start-up and other early stage, USD, current prices","France: Venture capital investments, Later stage venture, USD, current prices","Germany: Venture capital investments, Total, USD, current prices","Germany: Venture capital investments, Seed, USD, current prices","Germany: Venture capital investments, Start-up and other early stage, USD, current prices","Germany: Venture capital investments, Later stage venture, USD, current prices","Greece: Venture capital investments, Total, USD, current prices","Greece: Venture capital investments, Seed, USD, current prices","Greece: Venture capital investments, Start-up and other early stage, USD, current prices","Greece: Venture capital investments, Later stage venture, USD, current prices","Hungary: Venture capital investments, Total, USD, current prices","Hungary: Venture capital investments, Seed, USD, current prices","Hungary: Venture capital investments, Start-up and other early stage, USD, current prices","Hungary: Venture capital investments, Later stage venture, USD, current prices","Ireland: Venture capital investments, Total, USD, current prices","Ireland: Venture capital investments, Seed, USD, current prices","Ireland: Venture capital investments, Start-up and other early stage, USD, current prices","Ireland: Venture capital investments, Later stage venture, USD, current prices","Italy: Venture capital investments, Total, USD, current prices","Italy: Venture capital investments, Seed, USD, current prices","Italy: Venture capital investments, Start-up and other early stage, USD, current prices","Italy: Venture capital investments, Later stage venture, USD, current prices","Japan: Venture capital investments, Total, USD, current prices","Japan: Venture capital investments, Seed, USD, current prices","Japan: Venture capital investments, Start-up and other early stage, USD, current prices","Japan: Venture capital investments, Later stage venture, USD, current prices","Korea: Venture capital investments, Total, USD, current prices","Luxembourg: Venture capital investments, Total, USD, current prices","Luxembourg: Venture capital investments, Seed, USD, current prices","Luxembourg: Venture capital investments, Start-up and other early stage, USD, current prices","Luxembourg: Venture capital investments, Later stage venture, USD, current prices","Netherlands: Venture capital investments, Total, USD, current prices","Netherlands: Venture capital investments, Seed, USD, current prices","Netherlands: Venture capital investments, Start-up and other early stage, USD, current prices","Netherlands: Venture capital investments, Later stage venture, USD, current prices","New Zealand: Venture capital investments, Total, USD, current prices","Norway: Venture capital investments, Total, USD, current prices","Norway: Venture capital investments, Seed, USD, current prices","Norway: Venture capital investments, Start-up and other early stage, USD, current prices","Norway: Venture capital investments, Later stage venture, USD, current prices","Poland: Venture capital investments, Total, USD, current prices","Poland: Venture capital investments, Seed, USD, current prices","Poland: Venture capital investments, Start-up and other early stage, USD, current prices","Poland: Venture capital investments, Later stage venture, USD, current prices","Portugal: Venture capital investments, Total, USD, current prices","Portugal: Venture capital investments, Seed, USD, current prices","Portugal: Venture capital investments, Start-up and other early stage, USD, current prices","Portugal: Venture capital investments, Later stage venture, USD, current prices","Slovak Republic: Venture capital investments, Total, USD, current prices","Slovak Republic: Venture capital investments, Seed, USD, current prices","Slovak Republic: Venture capital investments, Start-up and other early stage, USD, current prices","Slovak Republic: Venture capital investments, Later stage venture, USD, current prices","Spain: Venture capital investments, Total, USD, current prices","Spain: Venture capital investments, Seed, USD, current prices","Spain: Venture capital investments, Start-up and other early stage, USD, current prices","Spain: Venture capital investments, Later stage venture, USD, current prices","Sweden: Venture capital investments, Total, USD, current prices","Sweden: Venture capital investments, Seed, USD, current prices","Sweden: Venture capital investments, Start-up and other early stage, USD, current prices","Sweden: Venture capital investments, Later stage venture, USD, current prices","Switzerland: Venture capital investments, Total, USD, current prices","Switzerland: Venture capital investments, Seed, USD, current prices","Switzerland: Venture capital investments, Start-up and other early stage, USD, current prices","Switzerland: Venture capital investments, Later stage venture, USD, current prices","United Kingdom: Venture capital investments, Total, USD, current prices","United Kingdom: Venture capital investments, Seed, USD, current prices","United Kingdom: Venture capital investments, Start-up and other early stage, USD, current prices","United Kingdom: Venture capital investments, Later stage venture, USD, current prices","United States: Venture capital investments, Total, USD, current prices","United States: Venture capital investments, Seed, USD, current prices","United States: Venture capital investments, Start-up and other early stage, USD, current prices","United States: Venture capital investments, Later stage venture, USD, current prices","Estonia: Venture capital investments, Total, USD, current prices","Estonia: Venture capital investments, Seed, USD, current prices","Estonia: Venture capital investments, Start-up and other early stage, USD, current prices","Estonia: Venture capital investments, Later stage venture, USD, current prices","Israel: Venture capital investments, Total, USD, current prices","Israel: Venture capital investments, Seed, USD, current prices","Israel: Venture capital investments, Start-up and other early stage, USD, current prices","Israel: Venture capital investments, Later stage venture, USD, current prices","Latvia: Venture capital investments, Total, USD, current prices","Latvia: Venture capital investments, Seed, USD, current prices","Latvia: Venture capital investments, Start-up and other early stage, USD, current prices","Latvia: Venture capital investments, Later stage venture, USD, current prices","Lithuania: Venture capital investments, Total, USD, current prices","Lithuania: Venture capital investments, Seed, USD, current prices","Lithuania: Venture capital investments, Start-up and other early stage, USD, current prices","Lithuania: Venture capital investments, Later stage venture, USD, current prices","Romania: Venture capital investments, Total, USD, current prices","Romania: Venture capital investments, Seed, USD, current prices","Romania: Venture capital investments, Start-up and other early stage, USD, current prices","Romania: Venture capital investments, Later stage venture, USD, current prices","Russia: Venture capital investments, Total, USD, current prices","Slovenia: Venture capital investments, Total, USD, current prices","Slovenia: Venture capital investments, Seed, USD, current prices","Slovenia: Venture capital investments, Start-up and other early stage, USD, current prices","Slovenia: Venture capital investments, Later stage venture, USD, current prices","South Africa: Venture capital investments, Total, USD, current prices","Bulgaria: Venture capital investments, Total, USD, current prices","Bulgaria: Venture capital investments, Seed, USD, current prices","Bulgaria: Venture capital investments, Start-up and other early stage, USD, current prices","Bulgaria: Venture capital investments, Later stage venture, USD, current prices","Croatia: Venture capital investments, Total, USD, current prices","Croatia: Venture capital investments, Seed, USD, current prices","Croatia: Venture capital investments, Start-up and other early stage, USD, current prices","Croatia: Venture capital investments, Later stage venture, USD, current prices"
2002,,,,,,,,,,,,,,,,,,,,,,,,,,,,,,,,,,,,,,,,,,,,,,,,,,,,,,,,,439.676334938608,,,,,,,,,,,,,,,,,,,,,,,,,,,,,,,,,,,,,,,,,,,,,,,,,,,,,,,,,,,,,,,,,,,,,,,,,,,,,,,
2003,,,,,,,,,,,,,,,,,,,,,,,,,,,,,,,,,,,,,,,,,,,,,,,,,,,,,,,,,481.770660327577,,,,,,,,,,,,,,,,,,,,,,,,,,,,,,,,,,,,,,,,,,,,,,,,,,,,,,,,,,,,,,,,,,,,,,,,,,,,,,,
2004,,,,,,,,,,,,,,,,,,,,,,,,,,,,,,,,,,,,,,,,,,,,,,,,,,,,,,,,,460.894555356388,,,,,,,,,,,,,,,,,,,,,,,,,,,,,,,,,,,,,,,,,,,,,,,,,,,,,,,,,,,,,,,,,,,,,,,,,,,,,,,
2005,,,,,,,,,,,,,,,,,,,,,,,,,,,,,,,,,,,,,,,,,,,,,,,,,,,,,,,,,598.83142937762,,,,,,,,,,,,,,,,,,,,,,,,,,,,,,,,,,,,,,,,,,,,,,,,,,,,,,,,,,,,,,,,,,,,,,,,,,,,,,,
2006,456.334427893377000000000000000000,36.898328328012300000000000000000,97.140497026808000000000000000000,322.295602538556000000000000000000,,,,,,,,,,,,,,,,,,,,,,,,,,,,,,,,,,,,,,,,,,,,,,,,,,,,,622.290997368730000000000000000000,,,,,,,,,,,,,,,,,,,,,,,,,,,,,,,,,,,,,,,,,,29031.811020000000000000000000000000,178.964695000000000000000000000000,12749.142238000000000000000000000000,16103.704087000000000000000000000000,,,,,,,,,,,,,,,,,,,,,,,,,,,,,,,,,,
2007,680.293454999592000000000000000000,29.286926106993500000000000000000,84.513701051609800000000000000000,566.492827840988000000000000000000,85.421197238651200000000000000000,9.421954290720050000000000000000,40.423894339432300000000000000000,35.575348608498800000000000000000,264.961865078081000000000000000000,7.231395897665850000000000000000,94.007105106346300000000000000000,163.723364074069000000000000000000,1732.633107334860000000000000000000,56.026484238164800000000000000000,588.672388049960000000000000000000,1087.934235046730000000000000000000,3.462622404246070000000000000000,0.000000000000000000000000000000,0.685239019592902000000000000000,2.777383384653160000000000000000,226.313109828465000000000000000000,5.124888922754920000000000000000,134.566827524242000000000000000000,86.621393381468100000000000000000,183.069059484777000000000000000000,22.241159183217000000000000000000,67.893852090335300000000000000000,92.934048211224600000000000000000,939.939978543796000000000000000000,12.720393425871600000000000000000,161.839532370965000000000000000000,765.380052746959000000000000000000,1077.872151941060000000000000000000,68.521393984478500000000000000000,428.813451077497000000000000000000,580.537306879086000000000000000000,26.075921194223600000000000000000,0.000000000000000000000000000000,0.472814923519102000000000000000,25.603106270704400000000000000000,15.303607481932900000000000000000,0.000000000000000000000000000000,2.856473672294580000000000000000,12.447133809638400000000000000000,99.868543746481300000000000000000,0.000000000000000000000000000000,50.333067277863300000000000000000,49.535476468617900000000000000000,176.470755917313000000000000000000,4.807636961463800000000000000000,89.458351446484700000000000000000,82.204767509364400000000000000000,,,,,798.815692613766000000000000000000,21.531717521452000000000000000000,0.274095607837160000000000000000,7.160747754745820000000000000000,14.096874158869100000000000000000,350.156152267784000000000000000000,11.180921739673800000000000000000,181.481429200282000000000000000000,157.493801327828000000000000000000,60.190703993340100000000000000000,360.440740255490000000000000000000,33.538996404413800000000000000000,154.994419413424000000000000000000,171.907324437651000000000000000000,55.587027822348700000000000000000,3.875259637064520000000000000000,3.528871312660310000000000000000,48.182896872623900000000000000000,154.631489419087000000000000000000,2.484635570702680000000000000000,28.865858157715700000000000000000,123.280995690668000000000000000000,1.512745429221380000000000000000,0.000000000000000000000000000000,1.512745429221380000000000000000,0.000000000000000000000000000000,383.321542653936000000000000000000,34.043483075418500000000000000000,202.504603435733000000000000000000,146.773456142784000000000000000000,563.617165730812000000000000000000,20.616896020734700000000000000000,276.133303109724000000000000000000,266.866966600353000000000000000000,351.763887465114000000000000000000,15.865243087171700000000000000000,136.692904925552000000000000000000,199.205739452389000000000000000000,2025.250578204680000000000000000000,25.898937660243100000000000000000,660.831532068363000000000000000000,1338.520108476070000000000000000000,37402.906320000000000000000000000000,225.598945000000000000000000000000,14715.924629000000000000000000000000,22461.382746000000000000000000000000,2.219919007482090000000000000000,0.000000000000000000000000000000,0.440940379597638000000000000000,1.778978627884450000000000000000,1196.000000000000000000000000000000,169.000000000000000000000000000000,847.000000000000000000000000000000,180.000000000000000000000000000000,9.344189245945010000000000000000,1.169535160248470000000000000000,7.764290871574260000000000000000,0.410363214122272000000000000000,6.870165279631750000000000000000,0.000000000000000000000000000000,4.275426212792710000000000000000,2.594739066839040000000000000000,54.566336893104300000000000000000,0.000000000000000000000000000000,52.747712535104700000000000000000,1.818624357999560000000000000000,108.300000000000000000000000000000,0.658651745632697000000000000000,0.516587992090697000000000000000,0.142063753542000000000000000000,0.000000000000000000000000000000,72.279766916175900000000000000000,4.560841276167220000000000000000,0.000000000000000000000000000000,0.000000000000000000000000000000,4.560841276167220000000000000000,10.042187863239200000000000000000,0.000000000000000000000000000000,6.741608635461330000000000000000,3.300579227777940000000000000000
2008,755.759417301269000000000000000000,36.907230145677900000000000000000,171.954140451454000000000000000000,546.898046704137000000000000000000,90.772733158423200000000000000000,7.758235098143800000000000000000,41.417915342962200000000000000000,41.596582717317200000000000000000,168.871539922745000000000000000000,12.894113195341500000000000000000,69.442660744895200000000000000000,86.534765982508400000000000000000,1175.316627440240000000000000000000,45.886608749735200000000000000000,472.723440373535000000000000000000,656.706578316975000000000000000000,48.948742230513600000000000000000,0.000000000000000000000000000000,0.000000000000000000000000000000,48.948742230513600000000000000000,259.252669730034000000000000000000,8.174576556263720000000000000000,94.214242125295700000000000000000,156.863851048475000000000000000000,218.405672244967000000000000000000,13.269155839896300000000000000000,92.527726829174100000000000000000,112.608789575897000000000000000000,750.508131306929000000000000000000,28.665082917957600000000000000000,136.323824350145000000000000000000,585.519224038826000000000000000000,1545.002970043590000000000000000000,127.802355409000000000000000000000,476.206426883715000000000000000000,940.994187750877000000000000000000,48.116279927594100000000000000000,2.206133203263640000000000000000,23.090860860826100000000000000000,22.819285863504300000000000000000,8.856095225415920000000000000000,0.000000000000000000000000000000,2.968793451631880000000000000000,5.887301773784040000000000000000,120.695944427092000000000000000000,1.176604375073940000000000000000,50.243639467946500000000000000000,69.275700584072200000000000000000,259.985150076182000000000000000000,13.879519359465900000000000000000,170.385020837957000000000000000000,75.720609878758500000000000000000,,,,,496.397760560712000000000000000000,42.974004044106900000000000000000,0.000000000000000000000000000000,4.485804179969400000000000000000,38.488199864137400000000000000000,380.349189116621000000000000000000,11.243940266855000000000000000000,192.627888218113000000000000000000,176.477360631653000000000000000000,46.460079008421800000000000000000,265.162974119351000000000000000000,23.499304362078300000000000000000,179.781603990618000000000000000000,61.882065766654500000000000000000,78.006428613324000000000000000000,5.984959936915180000000000000000,14.950038142572300000000000000000,57.071430533836500000000000000000,73.935980485310400000000000000000,1.764906562610910000000000000000,48.959464037881400000000000000000,23.211609884818000000000000000000,0.000000000000000000000000000000,0.000000000000000000000000000000,0.000000000000000000000000000000,0.000000000000000000000000000000,385.821355451769000000000000000000,27.379480855087800000000000000000,244.924731735673000000000000000000,113.517142861008000000000000000000,545.688327384519000000000000000000,10.848336460845800000000000000000,281.238449054236000000000000000000,253.601541869437000000000000000000,208.485970787148000000000000000000,25.369340525602100000000000000000,119.914105527410000000000000000000,63.202524734135900000000000000000,2138.479701839030000000000000000000,11.533811462209200000000000000000,743.807722372197000000000000000000,1383.138168004630000000000000000000,36346.407124800000000000000000000000,276.534699799999000000000000000000,14897.571564000000000000000000000000,21172.300861000000000000000000000000,6.107685610709080000000000000000,0.000000000000000000000000000000,1.609364770703770000000000000000,4.498320840005300000000000000000,1395.000000000000000000000000000000,89.000000000000000000000000000000,1077.000000000000000000000000000000,229.000000000000000000000000000000,13.348632725255400000000000000000,0.000000000000000000000000000000,7.423563067047280000000000000000,5.925069658208200000000000000000,,,,,7.695845651155510000000000000000,0.000000000000000000000000000000,7.695845651155510000000000000000,0.000000000000000000000000000000,161.760000000000000000000000000000,0.735377734421213000000000000000,0.000000000000000000000000000000,0.735377734421213000000000000000,0.000000000000000000000000000000,103.112674654263000000000000000000,10.789565072310800000000000000000,0.000000000000000000000000000000,2.856030629835730000000000000000,7.933534442475130000000000000000,6.106941647592390000000000000000,0.000000000000000000000000000000,0.000000000000000000000000000000,6.106941647592390000000000000000
2009,532.682858150976000000000000000000,28.856904467915200000000000000000,133.365693621986000000000000000000,370.460260061074000000000000000000,103.991379128782000000000000000000,8.894527529308910000000000000000,53.940867083232300000000000000000,41.155984516241300000000000000000,207.245085728209000000000000000000,8.877915670617660000000000000000,107.074838585316000000000000000000,91.292331472275200000000000000000,812.036132983382000000000000000000,15.535216730596200000000000000000,378.148584983447000000000000000000,418.352331269338000000000000000000,0.238145151380618000000000000000,0.000000000000000000000000000000,0.000000000000000000000000000000,0.238145151380618000000000000000,104.915380642400000000000000000000,9.447279804652350000000000000000,64.001404824859200000000000000000,31.466696012888900000000000000000,129.404691518063000000000000000000,11.838913230166800000000000000000,70.963768155359700000000000000000,46.602010132536400000000000000000,581.567545756186000000000000000000,38.533528547081600000000000000000,130.074577621524000000000000000000,412.959439587579000000000000000000,888.399204025565000000000000000000,75.324527513966300000000000000000,417.486931237365000000000000000000,395.587745274232000000000000000000,23.089395650538300000000000000000,0.034869560644930600000000000000,5.579129703188900000000000000000,17.475396386704500000000000000000,1.751386448600800000000000000000,0.000000000000000000000000000000,1.519224913826850000000000000000,0.232161534773948000000000000000,108.999889393753000000000000000000,0.174347803224653000000000000000,64.339569823993800000000000000000,44.485971766535100000000000000000,128.168398219309000000000000000000,11.017302694426700000000000000000,115.733592093368000000000000000000,1.417503431513460000000000000000,935.127890236788000000000000000000,46.756394511839400000000000000000,569.492885154203000000000000000000,318.878610570744000000000000000000,397.495914060912000000000000000000,7.626014756519100000000000000000,0.000000000000000000000000000000,1.591446747834630000000000000000,6.034568008684470000000000000000,225.434471238679000000000000000000,6.734441934301000000000000000000,138.713009149633000000000000000000,79.987020154745500000000000000000,21.238354744614000000000000000000,178.484030508354000000000000000000,5.643498912139440000000000000000,100.412172154647000000000000000000,72.428359441568100000000000000000,1.607068311003560000000000000000,0.000000000000000000000000000000,0.722497296562963000000000000000,0.884571014440600000000000000000,47.266930810562400000000000000000,0.066949556438266800000000000000,39.129909616704000000000000000000,8.070071637420170000000000000000,0.000000000000000000000000000000,0.000000000000000000000000000000,0.000000000000000000000000000000,0.000000000000000000000000000000,269.282162671521000000000000000000,28.765992749641900000000000000000,164.742187719024000000000000000000,75.773982202855200000000000000000,320.734235785458000000000000000000,3.253051051686870000000000000000,154.884283968217000000000000000000,162.596900765554000000000000000000,246.376836457715000000000000000000,9.472553262207790000000000000000,160.233037458137000000000000000000,76.671245737370500000000000000000,984.889791964017000000000000000000,16.759914845743300000000000000000,458.484803217819000000000000000000,509.645073900454000000000000000000,26592.490722399900000000000000000000,316.492290999999000000000000000000,9666.851704399980000000000000000000,16609.146727000000000000000000000000,6.387020910365420000000000000000,2.992434949321870000000000000000,2.838629630468190000000000000000,0.555956330575359000000000000000,739.000000000000000000000000000000,40.000000000000000000000000000000,575.000000000000000000000000000000,124.000000000000000000000000000000,0.000000000000000000000000000000,0.000000000000000000000000000000,0.000000000000000000000000000000,0.000000000000000000000000000000,0.201549630317668000000000000000,0.000000000000000000000000000000,0.000000000000000000000000000000,0.201549630317668000000000000000,3.034237584727800000000000000000,0.000000000000000000000000000000,3.034237584727800000000000000000,0.000000000000000000000000000000,123.750000000000000000000000000000,1.004243346574000000000000000000,0.000000000000000000000000000000,1.004243346574000000000000000000,0.000000000000000000000000000000,33.264432160591900000000000000000,11.790249271330700000000000000000,2.789564851594450000000000000000,5.600497769952110000000000000000,3.400186649784220000000000000000,0.000000000000000000000000000000,0.000000000000000000000000000000,0.000000000000000000000000000000,0.000000000000000000000000000000
2010,367.836086075808000000000000000000,0.000000000000000000000000000000,117.414012512976000000000000000000,250.422073562832000000000000000000,48.870529834199600000000000000000,7.991406810622790000000000000000,20.819704137425100000000000000000,20.059418886151600000000000000000,109.389469161702000000000000000000,6.653771950934850000000000000000,89.784678292114700000000000000000,12.951018918652900000000000000000,1055.606787272620000000000000000000,15.888552159834400000000000000000,424.058438496741000000000000000000,615.659796616048000000000000000000,17.420818489780900000000000000000,0.000000000000000000000000000000,17.420818489780900000000000000000,0.000000000000000000000000000000,82.299536162229700000000000000000,9.002186226098140000000000000000,40.179012051811800000000000000000,33.118337884319700000000000000000,136.882605628232000000000000000000,7.092584167663170000000000000000,86.790401371194000000000000000000,42.999620089374700000000000000000,537.669344229875000000000000000000,36.113807950240600000000000000000,70.759411206275000000000000000000,430.796125073360000000000000000000,888.355513302314000000000000000000,65.735210182235800000000000000000,429.460439017172000000000000000000,393.159864102905000000000000000000,6.628583334264650000000000000000,3.314291667132320000000000000000,3.314291667132320000000000000000,0.000000000000000000000000000000,24.972843025508600000000000000000,0.401678892889769000000000000000,9.608675086850010000000000000000,14.962489045768800000000000000000,67.913124036875100000000000000000,1.657145833566160000000000000000,45.159384882844900000000000000000,21.096593320464000000000000000000,102.504107766235000000000000000000,2.927633144077990000000000000000,71.481701417876500000000000000000,28.094773204280600000000000000000,1289.589441771240000000000000000000,56.741935437934900000000000000000,805.993401107030000000000000000000,426.854105226283000000000000000000,527.125884163741000000000000000000,2.836463608898520000000000000000,1.325716666852920000000000000000,1.458288333538220000000000000000,0.052458608507370400000000000000,181.891097440055000000000000000000,2.481675314515340000000000000000,129.214872541821000000000000000000,50.194549583719000000000000000000,68.019670625841400000000000000000,204.840896831946000000000000000000,6.420233702902040000000000000000,132.264246247416000000000000000000,66.156416881628300000000000000000,4.999078693202370000000000000000,0.000000000000000000000000000000,3.309399772631630000000000000000,1.689678920570730000000000000000,22.600181392508600000000000000000,0.078880141677749300000000000000,20.240140582177000000000000000000,2.281160668653830000000000000000,2.747388706052670000000000000000,2.309902205991200000000000000000,0.000000000000000000000000000000,0.437486500061466000000000000000,336.288541384081000000000000000000,20.416076441035100000000000000000,161.685796691883000000000000000000,154.186668251163000000000000000000,363.644625261592000000000000000000,5.788238053479910000000000000000,177.075948677212000000000000000000,180.780438530899000000000000000000,213.677686646688000000000000000000,8.900185585750470000000000000000,125.424224361955000000000000000000,79.353276698982400000000000000000,916.937182466830000000000000000000,16.188816734107800000000000000000,391.817695292217000000000000000000,508.930670440505000000000000000000,30481.141083000000000000000000000000,462.625828000000000000000000000000,10888.884981000000000000000000000000,19129.630274000000000000000000000000,9.105796905951400000000000000000,2.071309418601730000000000000000,6.594516452816220000000000000000,0.439971034533445000000000000000,884.000000000000000000000000000000,49.000000000000000000000000000000,695.000000000000000000000000000000,140.000000000000000000000000000000,0.538514997497608000000000000000,0.000000000000000000000000000000,0.538514997497608000000000000000,0.000000000000000000000000000000,0.137908867832976000000000000000,0.000000000000000000000000000000,0.137908867832976000000000000000,0.000000000000000000000000000000,2.695181983712000000000000000000,0.000000000000000000000000000000,2.695181983712000000000000000000,0.000000000000000000000000000000,153.300000000000000000000000000000,0.437486500061466000000000000000,0.000000000000000000000000000000,0.437486500061466000000000000000,0.000000000000000000000000000000,82.380186386280500000000000000000,2.067561199290490000000000000000,0.000000000000000000000000000000,0.335406316713791000000000000000,1.732154882576700000000000000000,0.409970292228266000000000000000,0.000000000000000000000000000000,0.409970292228266000000000000000,0.000000000000000000000000000000
2011,246.528181781422000000000000000000,0.000000000000000000000000000000,91.803381500195100000000000000000,154.724800281227000000000000000000,136.032264965920000000000000000000,10.290029187909600000000000000000,47.876036362882100000000000000000,77.866199415128200000000000000000,161.772635523895000000000000000000,0.844916836937592000000000000000,105.932819506972000000000000000000,54.994899179985200000000000000000,1406.972473191420000000000000000000,25.256299124184100000000000000000,413.022622931915000000000000000000,968.693551135327000000000000000000,4.804333546441680000000000000000,0.000000000000000000000000000000,3.782638392714830000000000000000,1.021695153726840000000000000000,181.365797627245000000000000000000,7.262665714012490000000000000000,57.615004386746900000000000000000,116.488127526485000000000000000000,121.533255411678000000000000000000,4.554477579011200000000000000000,71.058341159601700000000000000000,45.920436673065400000000000000000,563.827509462163000000000000000000,24.090485999783600000000000000000,74.149136034255400000000000000000,465.587887428124000000000000000000,975.839178501418000000000000000000,57.701973750786200000000000000000,494.057255852093000000000000000000,424.079948898538000000000000000000,13.753909828303700000000000000000,7.029374014060690000000000000000,6.319476836403080000000000000000,0.405058977839933000000000000000,50.207185579232200000000000000000,4.552779393605830000000000000000,33.656072077669900000000000000000,11.998334107956400000000000000000,85.058446113027600000000000000000,0.953865174379281000000000000000,49.304989783744400000000000000000,34.799591154903800000000000000000,148.559068804208000000000000000000,8.333636083600270000000000000000,105.442962615283000000000000000000,34.782470105325000000000000000000,1553.735501765820000000000000000000,243.938441022726000000000000000000,761.324005449960000000000000000000,548.473055293136000000000000000000,633.260143774275000000000000000000,7.668768658290150000000000000000,0.139195525030904000000000000000,7.529573133259250000000000000000,0.000000000000000000000000000000,204.992358861653000000000000000000,7.963626538963120000000000000000,66.103718204784100000000000000000,130.925014117906000000000000000000,28.914276044593300000000000000000,177.608590256953000000000000000000,0.370649844052293000000000000000,121.665324125827000000000000000000,55.572616287073400000000000000000,38.832962446856800000000000000000,0.741912148414723000000000000000,17.403254586248900000000000000000,20.687795712193200000000000000000,13.790239860336700000000000000000,1.071805542737960000000000000000,8.139959430072270000000000000000,4.578474887526530000000000000000,0.000000000000000000000000000000,0.000000000000000000000000000000,0.000000000000000000000000000000,0.000000000000000000000000000000,402.231025875195000000000000000000,28.041912886150900000000000000000,157.606833609427000000000000000000,216.582279379616000000000000000000,340.047958426194000000000000000000,3.760923890810010000000000000000,165.557570642772000000000000000000,170.729463892611000000000000000000,249.020362774161000000000000000000,9.538387272295250000000000000000,190.445953231138000000000000000000,49.036022270727200000000000000000,1093.509841610800000000000000000000,52.733403404360600000000000000000,405.226318700125000000000000000000,635.550119506317000000000000000000,43759.225853700000000000000000000000,1174.987516299990000000000000000000,13789.972860399900000000000000000000,28794.265477000000000000000000000000,1.895843050920920000000000000000,0.212969153297284000000000000000,1.682873897623640000000000000000,0.000000000000000000000000000000,1228.000000000000000000000000000000,80.000000000000000000000000000000,844.000000000000000000000000000000,304.000000000000000000000000000000,3.645588351548790000000000000000,0.000000000000000000000000000000,3.435265946651740000000000000000,0.210322404897045000000000000000,5.053047746931450000000000000000,1.252476720528310000000000000000,0.759835877120510000000000000000,3.040735149282630000000000000000,5.567821001236190000000000000000,0.000000000000000000000000000000,0.000000000000000000000000000000,5.567821001236190000000000000000,272.210000000000000000000000000000,2.925889936149620000000000000000,0.000000000000000000000000000000,2.229912310995090000000000000000,0.695977625154524000000000000000,100.150704738851000000000000000000,2.582786886500940000000000000000,0.048718433760816700000000000000,0.139195525030904000000000000000,2.394872927709220000000000000000,16.260648168905400000000000000000,0.000000000000000000000000000000,16.260648168905400000000000000000,0.000000000000000000000000000000
2012,331.331185264940000000000000000000,14.495739355341100000000000000000,129.426244244117000000000000000000,187.409201665481000000000000000000,53.855373292008300000000000000000,11.789220859438300000000000000000,31.709329616285500000000000000000,10.356822816284500000000000000000,161.751412098382000000000000000000,2.892059301939360000000000000000,73.520490041012000000000000000000,85.338862755430700000000000000000,,,,,6.747568781547020000000000000000,0.000000000000000000000000000000,0.163784859978334000000000000000,6.583783921568680000000000000000,86.974694236998100000000000000000,0.538583411538419000000000000000,52.976038228732800000000000000000,33.460072596726900000000000000000,104.147475135870000000000000000000,7.823078227236250000000000000000,78.646475647370300000000000000000,17.677921261263600000000000000000,464.778841874017000000000000000000,26.680448337799500000000000000000,67.232618646508000000000000000000,370.865774889709000000000000000000,742.949529441009000000000000000000,40.638867848333000000000000000000,414.076147266177000000000000000000,288.234514326498000000000000000000,0.000000000000000000000000000000,0.000000000000000000000000000000,0.000000000000000000000000000000,0.000000000000000000000000000000,51.339551504942300000000000000000,0.361706554986668000000000000000,35.507473281663200000000000000000,15.470371668292400000000000000000,104.941461687627000000000000000000,1.061800750552980000000000000000,53.141506161872100000000000000000,50.738154775202300000000000000000,129.795133251343000000000000000000,15.285991645892900000000000000000,94.652231603406400000000000000000,19.856910002043800000000000000000,1284.582215510300000000000000000000,289.320318808627000000000000000000,793.380607577437000000000000000000,201.881289124242000000000000000000,606.403937970410000000000000000000,15.025796243925400000000000000000,0.963591504422268000000000000000,5.335213441685210000000000000000,8.726991297817970000000000000000,202.279120030765000000000000000000,2.918397469726910000000000000000,79.658015465052600000000000000000,119.702707095985000000000000000000,21.712999101033200000000000000000,124.613721861650000000000000000000,2.688497384658480000000000000000,83.427020123336600000000000000000,38.498204353655400000000000000000,12.732397071853500000000000000000,3.494136969675850000000000000000,4.063927898070820000000000000000,5.174332204106870000000000000000,15.039787592569600000000000000000,1.277079940527640000000000000000,13.184552749388600000000000000000,0.578154902653361000000000000000,0.000000000000000000000000000000,0.000000000000000000000000000000,0.000000000000000000000000000000,0.000000000000000000000000000000,267.353216620046000000000000000000,25.494369978949500000000000000000,154.880953280304000000000000000000,86.977893360792800000000000000000,286.494190982191000000000000000000,7.633636137466830000000000000000,129.942614143066000000000000000000,148.917940701658000000000000000000,143.634992463172000000000000000000,16.142316144042900000000000000000,45.773679952871900000000000000000,81.718996366257800000000000000000,1039.077836763280000000000000000000,11.454494866575400000000000000000,648.752254354445000000000000000000,378.871087542262000000000000000000,39675.845239600000000000000000000000,1602.655242599990000000000000000000,13714.834388000000000000000000000000,24358.355608999900000000000000000000,10.291478464397900000000000000000,0.765220133378537000000000000000,8.074447131023210000000000000000,1.451811199996210000000000000000,867.000000000000000000000000000000,69.000000000000000000000000000000,656.000000000000000000000000000000,142.000000000000000000000000000000,2.441741901660970000000000000000,0.000000000000000000000000000000,0.514050926665469000000000000000,1.927690974995500000000000000000,6.044918750015420000000000000000,0.771165859541258000000000000000,5.273752890474160000000000000000,0.000000000000000000000000000000,5.801077814356560000000000000000,0.000000000000000000000000000000,1.847885851973940000000000000000,3.953191962382620000000000000000,314.733749849721000000000000000000,1.927183008844530000000000000000,0.000000000000000000000000000000,1.541746407075620000000000000000,0.385436601768907000000000000000,108.261098675470000000000000000000,0.026980562123823500000000000000,0.000000000000000000000000000000,0.026980562123823500000000000000,0.000000000000000000000000000000,12.341539338250900000000000000000,0.000000000000000000000000000000,8.477885915999330000000000000000,3.863653422251620000000000000000
2013,252.934059221903000000000000000000,11.584766071232200000000000000000,128.397823956157000000000000000000,112.951469194514000000000000000000,84.457257655113000000000000000000,15.208279721634900000000000000000,17.079319140816000000000000000000,52.169658792662000000000000000000,147.691945994682000000000000000000,0.701246327222361000000000000000,65.522438076230500000000000000000,81.468261591229900000000000000000,1577.181053990700000000000000000000,80.227840683304500000000000000000,872.521141258287000000000000000000,624.432072049110000000000000000000,5.896326149241790000000000000000,3.455550651553460000000000000000,1.378281062502930000000000000000,1.062494435185390000000000000000,80.646727612764100000000000000000,2.876570871460060000000000000000,65.955271746764200000000000000000,11.814884994539800000000000000000,158.537251692394000000000000000000,8.339253198161370000000000000000,89.270875412540000000000000000000,60.927123081692800000000000000000,651.390103969330000000000000000000,51.390584748062300000000000000000,97.359526016982400000000000000000,502.639993204285000000000000000000,918.443617776551000000000000000000,56.733484108376900000000000000000,483.400543189654000000000000000000,378.309590478519000000000000000000,18.521841273106300000000000000000,4.803656872097130000000000000000,8.782658688325120000000000000000,4.935525712684080000000000000000,37.571529781612700000000000000000,1.500162455399130000000000000000,17.364851239091600000000000000000,18.706516087121900000000000000000,151.068022062484000000000000000000,1.427726897280370000000000000000,108.423373538831000000000000000000,41.216921626372900000000000000000,103.698155318411000000000000000000,13.879537462172500000000000000000,82.757014216388000000000000000000,7.061603639850930000000000000000,1862.787783841970000000000000000000,361.380830065343000000000000000000,1227.577149551860000000000000000000,273.829804224770000000000000000000,635.443945451183000000000000000000,8.954171852524920000000000000000,0.000000000000000000000000000000,7.636678752895030000000000000000,1.317493099629890000000000000000,275.172711126675000000000000000000,14.379215313859700000000000000000,156.851830051040000000000000000000,103.941665761775000000000000000000,44.939840765515000000000000000000,92.052764748644600000000000000000,2.449341859072010000000000000000,64.965252713238900000000000000000,24.638170176333700000000000000000,21.893999392678100000000000000000,2.249831966505070000000000000000,6.638969915895060000000000000000,13.005197510278000000000000000000,37.807655888652200000000000000000,9.254326530464790000000000000000,21.538209849875900000000000000000,7.015119508311570000000000000000,0.066405902199087200000000000000,0.066405902199087200000000000000,0.000000000000000000000000000000,0.000000000000000000000000000000,213.244532350511000000000000000000,27.487753689140000000000000000000,107.346203399259000000000000000000,78.410575262112000000000000000000,316.492761119163000000000000000000,6.623988744358950000000000000000,117.294790356035000000000000000000,192.573982018769000000000000000000,201.480925993650000000000000000000,10.777890425798800000000000000000,94.158881061610400000000000000000,96.544154506240700000000000000000,882.912356215284000000000000000000,12.184115091947200000000000000000,537.737371881764000000000000000000,332.990869241572000000000000000000,40145.793306310000000000000000000000,4138.938751302550000000000000000000,17209.821388952400000000000000000000,18797.033166055000000000000000000000,7.021667130268400000000000000000,0.000000000000000000000000000000,3.037405966586250000000000000000,3.984261163682150000000000000000,895.000000000000000000000000000000,55.000000000000000000000000000000,783.000000000000000000000000000000,57.000000000000000000000000000000,2.053218314165710000000000000000,0.000000000000000000000000000000,0.796541438315937000000000000000,1.256676875849770000000000000000,13.430167536063200000000000000000,3.216257636623970000000000000000,2.899174527237390000000000000000,7.314735372201880000000000000000,3.964525329548580000000000000000,0.000000000000000000000000000000,0.000000000000000000000000000000,3.964525329548580000000000000000,174.918400356546000000000000000000,5.956091461220970000000000000000,0.000000000000000000000000000000,1.338331271739960000000000000000,4.617760189481000000000000000000,161.115674218281000000000000000000,4.655053744156010000000000000000,0.000000000000000000000000000000,4.655053744156010000000000000000,0.000000000000000000000000000000,8.621101808196470000000000000000,0.000000000000000000000000000000,8.621101808196470000000000000000,0.000000000000000000000000000000
2014,265.918299856488000000000000000000,18.929777277919400000000000000000,85.634706733445200000000000000000,161.353815845123000000000000000000,78.719450128213600000000000000000,13.617132983725000000000000000000,22.659002279973000000000000000000,42.443314864515500000000000000000,170.272868745982000000000000000000,5.685983333692020000000000000000,89.053259861926200000000000000000,75.533625550364600000000000000000,1638.333690896300000000000000000000,124.185722030343000000000000000000,874.321134647346000000000000000000,639.826834218613000000000000000000,9.832367114716830000000000000000,0.000000000000000000000000000000,6.378265089576820000000000000000,3.454102025140010000000000000000,90.367917662710100000000000000000,2.848651080164120000000000000000,73.049608078985200000000000000000,14.469658503560700000000000000000,158.012586747779000000000000000000,10.845933498970800000000000000000,97.724557150907800000000000000000,49.442096097900900000000000000000,533.434365817568000000000000000000,57.172881260460300000000000000000,118.893924792508000000000000000000,357.367559764600000000000000000000,895.218911686848000000000000000000,43.029542403220700000000000000000,509.483688800286000000000000000000,342.705680483340000000000000000000,14.738068800929700000000000000000,3.379254291256790000000000000000,4.738895128414210000000000000000,6.619919381258730000000000000000,60.424293921763500000000000000000,3.746544901599270000000000000000,44.024589486616800000000000000000,12.653159533547400000000000000000,122.065481271991000000000000000000,0.418477745353502000000000000000,42.411656690954300000000000000000,79.235346835683800000000000000000,69.612351443721600000000000000000,14.599692159799500000000000000000,45.912827498690700000000000000000,9.099831785231370000000000000000,1105.292765358970000000000000000000,153.635694384897000000000000000000,785.863156170232000000000000000000,165.793914803846000000000000000000,865.658599597279000000000000000000,5.699188631434290000000000000000,0.398470523623268000000000000000,4.237917484691020000000000000000,1.062800623120000000000000000000,233.766889562527000000000000000000,14.047261680909500000000000000000,149.785075143989000000000000000000,69.934552737628200000000000000000,46.290407450406200000000000000000,116.691164221029000000000000000000,1.914369622394900000000000000000,75.766950142162800000000000000000,39.009844456471800000000000000000,31.791980159637900000000000000000,3.529826569537310000000000000000,12.426092180417800000000000000000,15.836061409682800000000000000000,48.680572881419900000000000000000,7.681431358623200000000000000000,37.797454645647600000000000000000,3.201686877149010000000000000000,9.113515343254040000000000000000,1.700480996992000000000000000000,3.427532009562010000000000000000,3.985502336700020000000000000000,394.396330574568000000000000000000,16.255867655815200000000000000000,131.364428753964000000000000000000,246.776034164788000000000000000000,375.895907712770000000000000000000,8.982325891337670000000000000000,174.323175350677000000000000000000,192.590406470755000000000000000000,202.944037436089000000000000000000,4.646564324280660000000000000000,85.594534654075600000000000000000,112.702938457732000000000000000000,1206.090564960890000000000000000000,49.782444712447300000000000000000,526.830853420929000000000000000000,629.477266827521000000000000000000,56853.985851295000000000000000000000,4303.276096143000000000000000000000,22665.132011704000000000000000000000,29885.577743448000000000000000000000,13.701811623372100000000000000000,5.151593895379500000000000000000,1.723052225225510000000000000000,6.827165502767130000000000000000,2600.736000000000000000000000000000,223.116000000000000000000000000000,1602.070000000000000000000000000000,775.550000000000000000000000000000,8.650652386877490000000000000000,1.873186098249000000000000000000,4.656381945036730000000000000000,2.121084343591750000000000000000,11.006557300251500000000000000000,2.329714655964680000000000000000,8.445796562703540000000000000000,0.231046081583274000000000000000,7.044388665125070000000000000000,0.000000000000000000000000000000,2.424513921492510000000000000000,4.619874743632560000000000000000,148.000000000000000000000000000000,4.868902214637360000000000000000,1.394925817845000000000000000000,3.341126318902360000000000000000,0.132850077890000000000000000000,240.932777239978000000000000000000,2.942456520162250000000000000000,1.564973917544200000000000000000,1.198134997466540000000000000000,0.179347605151500000000000000000,0.917536222298369000000000000000,0.000000000000000000000000000000,0.917536222298369000000000000000,0.000000000000000000000000000000
2015,288.485320296761000000000000000000,33.055609617337200000000000000000,84.141551753222200000000000000000,171.288158926202000000000000000000,130.140303896913000000000000000000,11.215843950650500000000000000000,51.565632536297000000000000000000,67.358827409965700000000000000000,106.817976709593000000000000000000,0.000000000000000000000000000000,66.338796730158900000000000000000,40.479179979434500000000000000000,1615.422370526040000000000000000000,121.334542240132000000000000000000,952.750150807062000000000000000000,541.337677478846000000000000000000,5.510340316230250000000000000000,1.323493551655290000000000000000,4.109180861941060000000000000000,0.077665902633897000000000000000,83.215752704310000000000000000000,1.699385425274400000000000000000,22.578287840087000000000000000000,58.938079438948600000000000000000,121.386258252307000000000000000000,9.334043510347010000000000000000,70.863246078354500000000000000000,41.188968663605700000000000000000,625.030531021081000000000000000000,93.318045133253700000000000000000,120.995587666929000000000000000000,410.716898220898000000000000000000,1030.071649458010000000000000000000,48.625079416159200000000000000000,571.122827715215000000000000000000,410.323742326636000000000000000000,37.808027685275800000000000000000,2.665471588137450000000000000000,8.536081836428460000000000000000,26.606474260709900000000000000000,55.326470729796100000000000000000,4.654772732815240000000000000000,42.433908702311200000000000000000,8.237789294669560000000000000000,101.638448758067000000000000000000,1.165498915440050000000000000000,38.204811686703400000000000000000,62.268138155924300000000000000000,83.961811365011300000000000000000,4.899608943304130000000000000000,62.912132725435600000000000000000,16.150069696271500000000000000000,1109.513660385390000000000000000000,,,,1087.578832886430000000000000000000,6.542520162234750000000000000000,0.111506045924380000000000000000,5.889671679823160000000000000000,0.541342436487210000000000000000,195.987641890333000000000000000000,16.405257662068600000000000000000,144.029175218514000000000000000000,35.553209009750600000000000000000,38.006241391935000000000000000000,62.295287936459300000000000000000,1.468517982130670000000000000000,40.654139067810700000000000000000,20.172630886517800000000000000000,35.480502629756300000000000000000,5.537767474988970000000000000000,22.513592143193000000000000000000,7.429143011574370000000000000000,49.740927629558300000000000000000,5.133716164100590000000000000000,42.421471062760900000000000000000,2.185740402696810000000000000000,13.575999780405200000000000000000,1.930552436899720000000000000000,8.594286882888090000000000000000,3.051160460617380000000000000000,482.377384789789000000000000000000,18.569628846412100000000000000000,338.207767429055000000000000000000,125.599988514322000000000000000000,194.509471146018000000000000000000,2.101705896046940000000000000000,103.720338753814000000000000000000,88.687426496157600000000000000000,326.580338574960000000000000000000,5.433251360301640000000000000000,170.607157188086000000000000000000,150.539930026572000000000000000000,1484.167850128590000000000000000000,171.281086415499000000000000000000,563.280391150338000000000000000000,749.606372562757000000000000000000,62843.309968732000000000000000000000,5468.714662994000000000000000000000,26619.175049294000000000000000000000,30755.420256444000000000000000000000,6.255600127647240000000000000000,0.177522063163193000000000000000,3.258639371939360000000000000000,2.819438692544670000000000000000,3318.741000000000000000000000000000,306.240000000000000000000000000000,1889.201000000000000000000000000000,1123.300000000000000000000000000000,8.241140023611760000000000000000,0.794411232655290000000000000000,6.947447988309990000000000000000,0.499280802646481000000000000000,7.661708009447100000000000000000,1.882355196750920000000000000000,5.109850541734090000000000000000,0.669502270962088000000000000000,2.034413938979140000000000000000,0.508955755088875000000000000000,0.000000000000000000000000000000,1.525458183890260000000000000000,142.000000000000000000000000000000,3.867562238847010000000000000000,0.221902578953991000000000000000,3.479232725677520000000000000000,0.166426934215493000000000000000,88.133571455463000000000000000000,9.425467372876060000000000000000,0.083213467107746800000000000000,6.013715221458440000000000000000,3.328538684309870000000000000000,1.098595266880260000000000000000,0.000000000000000000000000000000,1.098595266880260000000000000000,0.000000000000000000000000000000
2016,165.772883210743000000000000000000,29.735046315828500000000000000000,86.975010473798300000000000000000,49.062826421117000000000000000000,59.985049723858600000000000000000,2.051091459596080000000000000000,29.071448647488300000000000000000,28.862509616774200000000000000000,186.110161388244000000000000000000,13.031647776700900000000000000000,58.735333976576800000000000000000,114.343179634966000000000000000000,2270.806934721520000000000000000000,158.663509475856000000000000000000,1169.004332448940000000000000000000,943.139092796728000000000000000000,8.761525517924390000000000000000,0.945904051159113000000000000000,7.815621466765270000000000000000,0.000000000000000000000000000000,109.031804691285000000000000000000,7.952534312225310000000000000000,61.147242642370700000000000000000,39.932027736689500000000000000000,139.406133642345000000000000000000,12.939664128405000000000000000000,79.306331273253800000000000000000,47.160138240686400000000000000000,657.328787769305000000000000000000,124.841790338737000000000000000000,200.321048391324000000000000000000,332.165949039243000000000000000000,1516.358389723400000000000000000000,63.219741608080500000000000000000,657.228878694754000000000000000000,795.909769420570000000000000000000,9.080612476940990000000000000000,1.333962142851070000000000000000,6.196985982533240000000000000000,1.549664351556670000000000000000,57.773269140037200000000000000000,7.993401174982070000000000000000,38.590549721733400000000000000000,11.189318243321700000000000000000,221.997742271868000000000000000000,26.329140472911500000000000000000,133.412884245917000000000000000000,62.255717553039200000000000000000,85.434965988852300000000000000000,6.420038027877660000000000000000,64.094062235228700000000000000000,14.920865725745800000000000000000,1367.736313046280000000000000000000,,,,1211.698294447420000000000000000000,0.326613900152734000000000000000,0.000000000000000000000000000000,0.000000000000000000000000000000,0.326613900152734000000000000000,252.833107436547000000000000000000,17.268618287385300000000000000000,150.035569224480000000000000000000,85.528919924680900000000000000000,66.271036007030800000000000000000,109.188497895290000000000000000000,0.800279878237116000000000000000,52.897383086237100000000000000000,55.490834930815800000000000000000,88.190579138790400000000000000000,1.850077855137020000000000000000,13.480995093497000000000000000000,72.859506190156400000000000000000,21.430861769231400000000000000000,3.540086451789320000000000000000,17.890775317442100000000000000000,0.000000000000000000000000000000,14.687818345333900000000000000000,3.253509237062160000000000000000,11.434309108271700000000000000000,0.000000000000000000000000000000,479.667363218654000000000000000000,14.732548299938500000000000000000,199.725877659046000000000000000000,265.208937259669000000000000000000,231.114805068164000000000000000000,14.979055622146800000000000000000,99.661083978702100000000000000000,116.474665467315000000000000000000,357.786571901592000000000000000000,6.648336793955210000000000000000,133.288224817865000000000000000000,217.850010289771000000000000000000,984.675889471917000000000000000000,42.989958263554100000000000000000,465.134810172315000000000000000000,476.551121036047000000000000000000,61996.135524087900000000000000000000,5818.268814291990000000000000000000,25933.353274505000000000000000000000,30244.513435291000000000000000000000,7.130747306594800000000000000000,1.106903108254760000000000000000,4.274937287297490000000000000000,1.748906911042530000000000000000,3893.140999999990000000000000000000,363.606000000000000000000000000000,2273.035000000000000000000000000000,1256.500000000000000000000000000000,8.843768418867720000000000000000,2.169530092179340000000000000000,6.037769039441880000000000000000,0.636469287246492000000000000000,2.770002890345390000000000000000,0.265523917608154000000000000000,2.504478972737240000000000000000,0.000000000000000000000000000000,2.058939402633610000000000000000,0.000000000000000000000000000000,0.952036294378844000000000000000,1.106903108254760000000000000000,126.000000000000000000000000000000,3.918060656165070000000000000000,0.000000000000000000000000000000,1.704254439655530000000000000000,2.213806216509530000000000000000,129.664730771896000000000000000000,6.198657406226710000000000000000,1.162248263667500000000000000000,5.036409142559200000000000000000,0.000000000000000000000000000000,4.574563998302550000000000000000,0.000000000000000000000000000000,4.574563998302550000000000000000,0.000000000000000000000000000000
2017,354.855054815985000000000000000000,42.153408239479900000000000000000,101.168179774751000000000000000000,211.533466801753000000000000000000,111.450108348286000000000000000000,1.693392080218750000000000000000,33.934210373362900000000000000000,75.822505894704600000000000000000,237.267185560107000000000000000000,51.889238692154000000000000000000,91.530259453536400000000000000000,93.847687414417400000000000000000,2774.114733328290000000000000000000,184.105267914435000000000000000000,1552.014316115840000000000000000000,1037.995149298010000000000000000000,6.899539068616950000000000000000,3.857849913293010000000000000000,3.041689155323940000000000000000,0.000000000000000000000000000000,115.464814492625000000000000000000,5.094082615911410000000000000000,53.845179974083000000000000000000,56.525551902631000000000000000000,169.543160661076000000000000000000,21.155064884311400000000000000000,96.512379368266700000000000000000,51.875716408498100000000000000000,1032.248217704830000000000000000000,110.171252774963000000000000000000,376.999370462571000000000000000000,545.077594467300000000000000000000,1550.391705085520000000000000000000,106.985190365568000000000000000000,939.638265468997000000000000000000,503.768249250956000000000000000000,9.712727612822920000000000000000,1.385102087762640000000000000000,4.513076291176720000000000000000,3.814549233883550000000000000000,56.587288978804400000000000000000,22.324273602860800000000000000000,34.091800897172400000000000000000,0.171214478771150000000000000000,147.019215910664000000000000000000,55.930978106993400000000000000000,84.723557583820300000000000000000,6.364680219850860000000000000000,99.258419663474500000000000000000,4.739249759075720000000000000000,89.327629693583800000000000000000,5.191540210815000000000000000000,1678.759723629060000000000000000000,,,,1276.480049753200000000000000000000,15.400875667843500000000000000000,0.047469202942489500000000000000,15.039355098456100000000000000000,0.314051366444838000000000000000,389.218758929776000000000000000000,32.012521024637500000000000000000,201.840542090615000000000000000000,155.365695814523000000000000000000,154.965687889597000000000000000000,91.878517565937800000000000000000,8.699618238933010000000000000000,52.235406894383100000000000000000,30.943492432621600000000000000000,51.615901035229600000000000000000,2.474611799467890000000000000000,17.795178432633100000000000000000,31.346110803128600000000000000000,27.303942109443000000000000000000,1.997276316095230000000000000000,20.336068626594900000000000000000,4.970597166752830000000000000000,3.971846040587790000000000000000,0.000000000000000000000000000000,3.152827189247830000000000000000,0.819018851339956000000000000000,620.980398099871000000000000000000,22.345500312125200000000000000000,282.251507901255000000000000000000,316.383389886490000000000000000000,257.183362991041000000000000000000,17.188302409007800000000000000000,140.562568346417000000000000000000,99.432492235616500000000000000000,329.303598663772000000000000000000,14.247798796462500000000000000000,170.716944588381000000000000000000,144.338855278928000000000000000000,2320.932356148570000000000000000000,150.515420989641000000000000000000,1094.998290284020000000000000000000,1075.418644874900000000000000000000,71057.580677113900000000000000000000,7230.921173203990000000000000000000,30579.022023037000000000000000000000,33247.637480873000000000000000000000,4.548593467295520000000000000000,1.191813638846410000000000000000,1.073197115548900000000000000000,2.283582712900190000000000000000,4937.540000000000000000000000000000,399.141000000000000000000000000000,2606.199000000000000000000000000000,1932.200000000000000000000000000000,1.249969625697420000000000000000,0.685129038566422000000000000000,0.564840587131004000000000000000,0.000000000000000000000000000000,4.072613601331960000000000000000,0.000000000000000000000000000000,4.016129542618860000000000000000,0.056484058713100400000000000000,2.824202935655020000000000000000,0.000000000000000000000000000000,2.824202935655020000000000000000,0.000000000000000000000000000000,124.000000000000000000000000000000,2.577604832125360000000000000000,0.483175935043603000000000000000,0.399907135688750000000000000000,1.694521761393010000000000000000,696.522977258734000000000000000000,4.749168359785740000000000000000,3.807014260451220000000000000000,0.942154099334514000000000000000,0.000000000000000000000000000000,2.988169771039880000000000000000,0.000000000000000000000000000000,2.988169771039880000000000000000,0.000000000000000000000000000000
2018,428.866399636315000000000000000000,50.806472430783000000000000000000,105.348714893241000000000000000000,272.711212312291000000000000000000,98.898657180326800000000000000000,2.785765393207600000000000000000,30.350400893311700000000000000000,65.762490893807400000000000000000,361.358934742190000000000000000000,44.578883255644000000000000000000,213.370112665539000000000000000000,103.409938821006000000000000000000,2681.934689389560000000000000000000,225.466477069042000000000000000000,1319.092948497780000000000000000000,1137.375263822740000000000000000000,14.894765084943000000000000000000,1.358629111163920000000000000000,13.536135973779100000000000000000,0.000000000000000000000000000000,360.903228017503000000000000000000,55.027626245896600000000000000000,120.646241452266000000000000000000,185.229360319340000000000000000000,258.672129793702000000000000000000,15.650516920911000000000000000000,123.836590049605000000000000000000,119.185022823185000000000000000000,1318.141904603510000000000000000000,139.885620068488000000000000000000,547.549792791493000000000000000000,630.706491743527000000000000000000,1743.937944997680000000000000000000,84.003939333563900000000000000000,1038.144925012750000000000000000000,621.789080651362000000000000000000,36.309131233534000000000000000000,7.633949735293180000000000000000,7.229744436603030000000000000000,21.445437061637800000000000000000,81.046687536573400000000000000000,23.558330006092400000000000000000,55.516411506290100000000000000000,1.971946024190880000000000000000,427.786680928187000000000000000000,10.549254028238700000000000000000,210.938503719067000000000000000000,206.298923180881000000000000000000,199.587688629582000000000000000000,10.203021786236900000000000000000,93.106807521315000000000000000000,96.277859322030300000000000000000,2285.751972625640000000000000000000,,,,1976.524697853880000000000000000000,12.774869080269200000000000000000,10.882106055690200000000000000000,1.892763024578950000000000000000,0.000000000000000000000000000000,483.057985326805000000000000000000,35.721299318741500000000000000000,371.807512398811000000000000000000,75.529173609252100000000000000000,186.817812702037000000000000000000,93.858473254693000000000000000000,16.683474208018500000000000000000,26.125713292092900000000000000000,51.049285754581500000000000000000,39.351907755832500000000000000000,5.214953382942790000000000000000,28.088247108872700000000000000000,6.048707264016910000000000000000,29.712342983388900000000000000000,4.056259869605850000000000000000,21.505039835544000000000000000000,4.151043278239010000000000000000,4.889163463435820000000000000000,0.000000000000000000000000000000,4.357733935839000000000000000000,0.531429527596822000000000000000,606.653365418607000000000000000000,35.684158299535100000000000000000,382.435913998027000000000000000000,188.533293121045000000000000000000,466.317022253446000000000000000000,19.099317411838500000000000000000,261.312259877258000000000000000000,185.905444964349000000000000000000,495.657140186161000000000000000000,37.766547189105600000000000000000,370.742067053250000000000000000000,87.148525943804900000000000000000,2577.048938057950000000000000000000,110.688574774147000000000000000000,1405.600974344150000000000000000000,1060.759388939650000000000000000000,118305.920347569000000000000000000000,9863.409073094970000000000000000000,41996.489060248000000000000000000000,66446.022214227000000000000000000000,36.970843662207400000000000000000,4.298048495117350000000000000000,1.294326138324700000000000000000,31.378469028765400000000000000000,6085.319000000000000000000000000000,490.677000000000000000000000000000,3626.382000000000000000000000000000,1968.260000000000000000000000000000,3.927854686193400000000000000000,0.590477252885358000000000000000,3.337377433308040000000000000000,0.000000000000000000000000000000,4.045406897697820000000000000000,1.992943395303480000000000000000,2.052463502394330000000000000000,0.000000000000000000000000000000,1.564764720146190000000000000000,0.000000000000000000000000000000,1.564764720146190000000000000000,0.000000000000000000000000000000,155.000000000000000000000000000000,0.354286351731215000000000000000,0.000000000000000000000000000000,0.000000000000000000000000000000,0.354286351731215000000000000000,226.456052804980000000000000000000,4.854419781876040000000000000000,4.004132537721130000000000000000,0.850287244154916000000000000000,0.000000000000000000000000000000,0.959957911605323000000000000000,0.359984216851996000000000000000,0.599973694753327000000000000000,0.000000000000000000000000000000
2019,487.310957932801000000000000000000,44.490586744221500000000000000000,100.798985592376000000000000000000,342.021385596203000000000000000000,76.913395190867300000000000000000,4.408893615957060000000000000000,38.546003674160100000000000000000,33.958497900750200000000000000000,486.030525427822000000000000000000,26.570593066024100000000000000000,311.837180135068000000000000000000,147.622752226729000000000000000000,3892.737452801230000000000000000000,258.681832338985000000000000000000,2048.555599569770000000000000000000,1585.500020892470000000000000000000,32.646261079411200000000000000000,6.233357192320320000000000000000,11.714640216678300000000000000000,14.698263670412500000000000000000,346.876295581839000000000000000000,11.602468871164200000000000000000,205.659120505452000000000000000000,129.614706205222000000000000000000,296.562398288744000000000000000000,34.727341796814300000000000000000,104.368630595869000000000000000000,157.466425896060000000000000000000,1784.094967440410000000000000000000,126.278806513899000000000000000000,625.086711696558000000000000000000,1032.729449229960000000000000000000,2348.934012866290000000000000000000,167.291191640982000000000000000000,1201.864269850850000000000000000000,979.778551374465000000000000000000,27.953412754974500000000000000000,8.851942399096100000000000000000,14.287729979525000000000000000000,4.813740376353440000000000000000,158.702303361336000000000000000000,33.754093050676100000000000000000,86.779682245221600000000000000000,38.168528065438500000000000000000,165.751197731371000000000000000000,19.667331134491300000000000000000,118.791984911812000000000000000000,27.291881685067900000000000000000,216.069673675196000000000000000000,29.462643505157000000000000000000,90.311512364607100000000000000000,96.295517805432300000000000000000,2502.530374235370000000000000000000,,,,2708.439255764860000000000000000000,16.327670008827900000000000000000,0.000000000000000000000000000000,16.327670008827900000000000000000,0.000000000000000000000000000000,577.529912190882000000000000000000,27.568156798435400000000000000000,383.060107295362000000000000000000,166.901648097084000000000000000000,73.919130363172100000000000000000,149.874832674944000000000000000000,13.787336070030500000000000000000,62.069476692462400000000000000000,74.018019912451200000000000000000,112.425107995145000000000000000000,6.903273126277860000000000000000,55.416495676264800000000000000000,50.105339192603100000000000000000,52.412553760244300000000000000000,9.590997078552160000000000000000,37.723951154819600000000000000000,5.097605526872500000000000000000,22.410636995994900000000000000000,0.000000000000000000000000000000,16.001645448408000000000000000000,6.408991547586850000000000000000,630.373295714810000000000000000000,23.469648684047600000000000000000,334.848493566816000000000000000000,272.055153463946000000000000000000,366.431791213168000000000000000000,21.266925866808500000000000000000,273.884811402017000000000000000000,71.280053944341900000000000000000,510.135587841548000000000000000000,24.188429680197700000000000000000,361.906024458771000000000000000000,124.041133702579000000000000000000,3380.120020205160000000000000000000,191.375084791797000000000000000000,1703.460517354390000000000000000000,1485.284418058970000000000000000000,116691.111000542000000000000000000000,10038.711524142000000000000000000000,45675.536288805900000000000000000000,60976.863187594900000000000000000000,29.333400173424500000000000000000,4.954122479421980000000000000000,11.614548001085300000000000000000,12.764729692917100000000000000000,8885.848000000000000000000000000000,658.215000000000000000000000000000,3704.683000000000000000000000000000,4522.950000000000000000000000000000,6.028370215503090000000000000000,0.430997684859552000000000000000,5.232423841645580000000000000000,0.364948688997959000000000000000,5.218777447415870000000000000000,2.855566764978170000000000000000,2.363210682437700000000000000000,0.000000000000000000000000000000,24.386464720331800000000000000000,1.117470646762730000000000000000,19.350833302118600000000000000000,3.918160771450480000000000000000,131.000000000000000000000000000000,1.147461368781920000000000000000,0.027986862653217700000000000000,1.119474506128700000000000000000,0.000000000000000000000000000000,484.523131634747000000000000000000,3.568884725538320000000000000000,1.945646691651690000000000000000,1.623238033886620000000000000000,0.000000000000000000000000000000,4.591775722382970000000000000000,0.853278441969084000000000000000,2.998989297374010000000000000000,0.739507983039873000000000000000
2020,,,,,105.906410278668000000000000000000,1.534026478846980000000000000000,46.380140682009800000000000000000,57.992243117811500000000000000000,491.888340279408000000000000000000,28.822850409774200000000000000000,281.987932926589000000000000000000,181.077556943044000000000000000000,2984.033383164340000000000000000000,261.208488665201000000000000000000,1374.135039525350000000000000000000,1348.689854973780000000000000000000,20.135078395771800000000000000000,3.943911774945330000000000000000,11.166006325025100000000000000000,5.025160295801370000000000000000,293.670360376577000000000000000000,17.198469365843500000000000000000,85.370695177099700000000000000000,191.101195833634000000000000000000,497.217050612080000000000000000000,18.737041785188500000000000000000,157.096487244410000000000000000000,321.383521582480000000000000000000,1665.421120850740000000000000000000,194.396580082110000000000000000000,821.467518684043000000000000000000,649.557022084589000000000000000000,2121.535662103660000000000000000000,137.602375036892000000000000000000,1388.202404916740000000000000000000,595.730882150033000000000000000000,22.212972971985100000000000000000,5.451245130818000000000000000000,13.963347383868300000000000000000,2.798380457298770000000000000000,148.241063686113000000000000000000,48.370919961293200000000000000000,68.271768201808700000000000000000,31.598375523011500000000000000000,284.132828726323000000000000000000,15.168878262911600000000000000000,190.096234590632000000000000000000,78.867715872779300000000000000000,394.734613019390000000000000000000,29.709114633542300000000000000000,137.173971543783000000000000000000,227.851526842065000000000000000000,2074.463747005250000000000000000000,,,,2581.875975687910000000000000000000,40.645059819094400000000000000000,0.799537273513934000000000000000,38.703326440560500000000000000000,1.142196105019900000000000000000,845.300274218441000000000000000000,38.973375865670400000000000000000,529.867468701542000000000000000000,276.459429651228000000000000000000,82.487152091062600000000000000000,128.773576069803000000000000000000,21.306480455197100000000000000000,75.761010998891600000000000000000,31.706084615714900000000000000000,158.130917146922000000000000000000,20.381610003079300000000000000000,37.363610363099500000000000000000,100.385696780743000000000000000000,45.890846714541400000000000000000,8.010563943336100000000000000000,31.230428469740400000000000000000,6.649854301464840000000000000000,22.845589706711400000000000000000,5.672145857528850000000000000000,16.830785017676600000000000000000,0.342658831505971000000000000000,842.747146108811000000000000000000,83.868844362531100000000000000000,414.145424864969000000000000000000,344.732876881311000000000000000000,635.745346921507000000000000000000,35.941165021751900000000000000000,361.073271423258000000000000000000,238.730910476496000000000000000000,603.763227773092000000000000000000,99.914380979967700000000000000000,379.276530702688000000000000000000,124.572316090436000000000000000000,3119.628605798880000000000000000000,207.946201192818000000000000000000,1572.190894321270000000000000000000,1339.491510284790000000000000000000,130218.798184817000000000000000000000,11651.727592423000000000000000000000,45460.250548676000000000000000000000,73106.820043718100000000000000000000,32.462229859199200000000000000000,13.899749904740800000000000000000,8.505648845056980000000000000000,10.056831109401300000000000000000,12938.099000000000000000000000000000,700.799000000000000000000000000000,4492.000000000000000000000000000000,7745.300000000000000000000000000000,4.848965124641000000000000000000,1.671375560475620000000000000000,3.177589564165370000000000000000,0.000000000000000000000000000000,14.940621793284400000000000000000,5.951458493050420000000000000000,4.505335426445760000000000000000,4.483827873788240000000000000000,11.474387851419400000000000000000,2.374054604283870000000000000000,8.320487434472200000000000000000,0.779845812663391000000000000000,,3.576250270700470000000000000000,0.057109805250995300000000000000,2.798380457298770000000000000000,0.720760008150711000000000000000,109.346800950264000000000000000000,8.698245952285440000000000000000,3.963157779314920000000000000000,3.626666806776050000000000000000,1.108421366194460000000000000000,13.238953215886400000000000000000,3.240502708011450000000000000000,9.030160325387420000000000000000,0.968290182487613000000000000000
2021,,,,,834.178637831836000000000000000000,16.878378364633000000000000000000,64.196896740171300000000000000000,753.103362727032000000000000000000,460.453410120618000000000000000000,21.499415714460100000000000000000,340.086390190711000000000000000000,98.867604215447300000000000000000,9554.267323131940000000000000000000,701.962001453251000000000000000000,4923.674169768960000000000000000000,3928.631151909720000000000000000000,131.548528532675000000000000000000,6.004618790143240000000000000000,105.503084858754000000000000000000,20.040824883777400000000000000000,1006.983017055560000000000000000000,35.717822952622700000000000000000,538.064793683844000000000000000000,433.200400419096000000000000000000,442.768804997276000000000000000000,44.404293564944100000000000000000,175.124702815799000000000000000000,223.239808616532000000000000000000,3033.989673778220000000000000000000,264.658771023534000000000000000000,974.781138045498000000000000000000,1794.549764709190000000000000000000,4871.956096585120000000000000000000,247.502590615234000000000000000000,1694.159169453250000000000000000000,2930.294336516630000000000000000000,78.052427424275200000000000000000,3.381454542074050000000000000000,74.611835866774900000000000000000,0.059137015426268900000000000000,159.331110207339000000000000000000,23.974086916793900000000000000000,61.925302048811300000000000000000,73.431721241734400000000000000000,251.659851835282000000000000000000,3.883468666027650000000000000000,178.949957003841000000000000000000,68.826426165413700000000000000000,516.128130704726000000000000000000,65.774719621356500000000000000000,285.045843132632000000000000000000,165.307567950737000000000000000000,3031.315654452120000000000000000000,,,,4669.078384708360000000000000000000,33.217651869237000000000000000000,1.774110462788060000000000000000,30.970445283038800000000000000000,0.473096123410151000000000000000,1528.711139263480000000000000000000,161.264997058406000000000000000000,546.588329991264000000000000000000,820.857812213813000000000000000000,268.637713962370000000000000000000,242.752208785267000000000000000000,39.152358879743300000000000000000,114.358119619847000000000000000000,89.241730285676500000000000000000,143.630137992440000000000000000000,15.355659354422000000000000000000,115.274991734419000000000000000000,12.999486903599300000000000000000,56.172595116980900000000000000000,10.114203748354700000000000000000,45.094458017177900000000000000000,0.963933351448183000000000000000,24.707445045095100000000000000000,1.301014339377910000000000000000,11.868798996052100000000000000000,11.537631709665000000000000000000,1688.240760604200000000000000000000,58.615332330984500000000000000000,473.796246535783000000000000000000,1155.829181737430000000000000000000,1179.746390672790000000000000000000,65.519117613281100000000000000000,427.129559999079000000000000000000,687.097713060435000000000000000000,768.327619633176000000000000000000,55.364286735328500000000000000000,363.721586526903000000000000000000,349.241746370944000000000000000000,6659.409774265260000000000000000000,295.140034914967000000000000000000,2355.708899413540000000000000000000,4008.560839936750000000000000000000,266686.174847320000000000000000000000,18756.563065881000000000000000000000,88959.029275934000000000000000000000,158970.582505505000000000000000000000,175.536107204716000000000000000000,26.943451080571600000000000000000,71.859776579882600000000000000000,76.732879544262700000000000000000,27847.572000000000000000000000000000,1315.652000000000000000000000000000,9115.520000000000000000000000000000,17416.400000000000000000000000000000,13.230878217559200000000000000000,1.026500313769170000000000000000,11.309043490236300000000000000000,0.895334413553711000000000000000,53.899581137250700000000000000000,13.056151991780800000000000000000,31.730214002429300000000000000000,9.113215143040490000000000000000,17.246967554381800000000000000000,7.391902207624990000000000000000,8.387284623876870000000000000000,1.467780722879990000000000000000,,1.090486564460390000000000000000,0.086340042522352600000000000000,0.708461444806701000000000000000,0.295685077131344000000000000000,40.586962674384400000000000000000,21.106237353697000000000000000000,10.543266450078500000000000000000,10.562970903618500000000000000000,0.000000000000000000000000000000,42.375819499433700000000000000000,4.818083890347920000000000000000,10.014522677304500000000000000000,27.543212931781300000000000000000
2022,,,,,190.359718783360000000000000000000,3.054862517918280000000000000000,89.886631415863300000000000000000,97.418224849578500000000000000000,397.197132022024000000000000000000,21.186127663719400000000000000000,160.164517789282000000000000000000,215.846486569022000000000000000000,7187.286789859770000000000000000000,780.269131125383000000000000000000,3095.967666731370000000000000000000,3311.049992003010000000000000000000,76.778882162540600000000000000000,10.838155637956600000000000000000,23.479098958929700000000000000000,42.461627565654200000000000000000,349.597901274057000000000000000000,60.282380258497100000000000000000,184.528725192477000000000000000000,104.786795823082000000000000000000,353.870898869157000000000000000000,66.219763353644000000000000000000,164.522949220678000000000000000000,123.128186294835000000000000000000,3292.193481892160000000000000000000,104.806877460678000000000000000000,1172.687856637950000000000000000000,2014.698747793530000000000000000000,3524.717689505970000000000000000000,279.129033998991000000000000000000,1724.768246371250000000000000000000,1520.820409135720000000000000000000,67.785572970347400000000000000000,7.801173885973250000000000000000,7.016073471203720000000000000000,52.968325613170400000000000000000,88.192097133206700000000000000000,14.332823921052900000000000000000,51.840099829011200000000000000000,22.019173383142500000000000000000,422.680214137441000000000000000000,40.123933294633700000000000000000,192.541962013903000000000000000000,190.014318828904000000000000000000,736.761838570275000000000000000000,84.376533337545500000000000000000,359.774847669932000000000000000000,292.610457562797000000000000000000,2449.464296013880000000000000000000,,,,3666.818090297530000000000000000000,224.982610217994000000000000000000,5.286293650511580000000000000000,207.619912623288000000000000000000,12.076403944193600000000000000000,1070.080176490950000000000000000000,79.064840153797700000000000000000,685.748845266348000000000000000000,305.266491070805000000000000000000,202.386110687588000000000000000000,144.305900099907000000000000000000,25.702232068227000000000000000000,98.649838949373300000000000000000,19.953829082307500000000000000000,241.820489430682000000000000000000,18.997239696248100000000000000000,125.232188011304000000000000000000,97.591061723129800000000000000000,67.344977418688100000000000000000,26.575714855488800000000000000000,31.693899820850100000000000000000,9.075362742349270000000000000000,18.865366414856400000000000000000,4.586026834312010000000000000000,9.730169448689540000000000000000,4.549170131854850000000000000000,942.861886089095000000000000000000,43.636766666798300000000000000000,474.775867810804000000000000000000,424.449251611493000000000000000000,957.238390467803000000000000000000,43.026851424050800000000000000000,383.253177903353000000000000000000,530.958361140398000000000000000000,886.449301631303000000000000000000,59.169392088182200000000000000000,465.682613772033000000000000000000,361.597295771088000000000000000000,3773.918007000130000000000000000000,345.770395906799000000000000000000,2149.810185349720000000000000000000,1278.337425743610000000000000000000,190149.957160594000000000000000000000,24905.575281229000000000000000000000,70321.326759859900000000000000000000,94923.055119506000000000000000000000,159.664172257696000000000000000000,14.326779421849900000000000000000,93.592004201664000000000000000000,51.745388634182700000000000000000,15273.425000000000000000000000000000,1693.310000000000000000000000000000,6695.065000000000000000000000000000,6885.050000000000000000000000000000,7.672491341965690000000000000000,2.285115552343750000000000000000,3.109147175394460000000000000000,2.278228614227470000000000000000,74.986372234266400000000000000000,1.667902682509780000000000000000,12.521222220905900000000000000000,60.797247330850700000000000000000,34.599966565705600000000000000000,13.515868784874000000000000000000,16.088961549245100000000000000000,4.995136231586450000000000000000,,8.003169676411310000000000000000,1.053048641633060000000000000000,4.844023751512110000000000000000,2.106097283266130000000000000000,67.211824832969800000000000000000,12.462872795673000000000000000000,5.498904171257300000000000000000,6.963968624415720000000000000000,0.000000000000000000000000000000,15.891423514171300000000000000000,5.818990782532370000000000000000,5.046960782353470000000000000000,5.025471949285510000000000000000
2023,,,,,106.739648983008000000000000000000,8.884686982896790000000000000000,87.356081524021300000000000000000,10.498880476090300000000000000000,365.633202368635000000000000000000,24.899367410278100000000000000000,142.824113189967000000000000000000,197.909721768389000000000000000000,4944.276806317780000000000000000000,827.193642156403000000000000000000,2343.305614667370000000000000000000,1773.777549494000000000000000000000,65.236547623460200000000000000000,5.080567704089120000000000000000,9.447400801064340000000000000000,50.708579118306700000000000000000,601.572860918709000000000000000000,88.612612981218000000000000000000,341.623740662650000000000000000000,171.336507274840000000000000000000,199.313846392989000000000000000000,39.654294199958300000000000000000,118.411478851531000000000000000000,41.248073341499300000000000000000,2389.184800875080000000000000000000,266.458130316138000000000000000000,1296.355640323170000000000000000000,826.371030235774000000000000000000,2572.709076155860000000000000000000,176.642389735144000000000000000000,1276.203550375800000000000000000000,1119.863136044910000000000000000000,23.527637593703200000000000000000,4.549091736516980000000000000000,11.858727150469200000000000000000,7.119818706717080000000000000000,54.622003842482600000000000000000,6.902007954763520000000000000000,46.638727262056100000000000000000,1.081268625663020000000000000000,279.284279318674000000000000000000,27.613167845025900000000000000000,122.791730492151000000000000000000,128.879380981496000000000000000000,694.971179649797000000000000000000,58.701511427560400000000000000000,353.378028076567000000000000000000,282.891640145670000000000000000000,1900.476257115010000000000000000000,,,,2572.640326271140000000000000000000,35.556729428831900000000000000000,2.133342998433150000000000000000,2.047836275515720000000000000000,31.375550154883000000000000000000,1281.404365963750000000000000000000,100.055192275728000000000000000000,752.788991854976000000000000000000,428.560181833052000000000000000000,236.055104570968000000000000000000,261.041374570958000000000000000000,15.269210586104200000000000000000,129.722619131906000000000000000000,116.049544852947000000000000000000,84.571749936821400000000000000000,13.027124401988100000000000000000,40.727561437791400000000000000000,30.817064097041800000000000000000,42.014573857545600000000000000000,5.214958581572780000000000000000,16.344348418659700000000000000000,20.455266857313000000000000000000,17.651515685596300000000000000000,7.541654035647000000000000000000,4.703518521634170000000000000000,5.406343128315140000000000000000,805.689324102874000000000000000000,39.685423923691100000000000000000,453.670504752197000000000000000000,312.333395426986000000000000000000,410.890911716622000000000000000000,25.449279007917800000000000000000,211.772007244153000000000000000000,173.669625464550000000000000000000,789.292112461106000000000000000000,60.748158307587900000000000000000,327.483352896366000000000000000000,401.060601257151000000000000000000,3875.371399553880000000000000000000,239.940817410535000000000000000000,1786.538899784950000000000000000000,1848.891682358390000000000000000000,129099.287808547000000000000000000000,15968.784961475000000000000000000000,40800.377774906000000000000000000000,72330.125072166900000000000000000000,51.782570806119000000000000000000,20.505545848406300000000000000000,15.103744048319000000000000000000,16.173280909393600000000000000000,7868.228999999990000000000000000000,944.895000000000000000000000000000,2358.243999999990000000000000000000,4565.090000000000000000000000000000,2.737631595257450000000000000000,1.094784483483810000000000000000,1.426593386641020000000000000000,0.216253725132605000000000000000,31.742986859255800000000000000000,9.536789278347910000000000000000,21.155204476763500000000000000000,1.050993104144460000000000000000,20.575514741173000000000000000000,5.883074465369970000000000000000,12.126589827104700000000000000000,2.565850448698360000000000000000,,0.540634312831514000000000000000,0.540634312831514000000000000000,0.000000000000000000000000000000,0.000000000000000000000000000000,81.299409767098000000000000000000,26.494563013718800000000000000000,0.973141763096725000000000000000,18.309359517449700000000000000000,7.212061733172390000000000000000,4.923545874270340000000000000000,2.539997315858760000000000000000,2.308508515790560000000000000000,0.075040042621014100000000000000
2024,,,,,146.169766721574000000000000000000,9.905826946521910000000000000000,25.599899901454600000000000000000,110.664039873597000000000000000000,531.575695384799000000000000000000,24.288282078739800000000000000000,313.693276431149000000000000000000,193.594136874911000000000000000000,4477.015844784150000000000000000000,471.351449517170000000000000000000,2411.001219204790000000000000000000,1594.663176062190000000000000000000,22.673846673555300000000000000000,7.822233729129200000000000000000,6.708713178972530000000000000000,8.142899765453560000000000000000,537.194245784033000000000000000000,69.763425725510100000000000000000,348.842824339770000000000000000000,118.587995718752000000000000000000,279.174745509352000000000000000000,55.289444501239300000000000000000,157.549438674785000000000000000000,66.335862333327600000000000000000,2225.642058620530000000000000000000,305.550030303947000000000000000000,830.774695957974000000000000000000,1089.317332358610000000000000000000,3192.498735373720000000000000000000,196.149940217420000000000000000000,1377.440214579760000000000000000000,1618.908580576540000000000000000000,25.681597978892600000000000000000,2.842504279867650000000000000000,22.568498582974500000000000000000,0.270595116050398000000000000000,33.093609512089400000000000000000,0.476247404248700000000000000000,31.494370728622200000000000000000,1.122991379218430000000000000000,280.181251103013000000000000000000,18.709465866347300000000000000000,68.229205536527600000000000000000,193.242579700138000000000000000000,718.932744720405000000000000000000,55.249851023858800000000000000000,319.754033369032000000000000000000,343.928860327514000000000000000000,,,,,2622.315943889240000000000000000000,8.382863514367050000000000000000,0.041606705043909100000000000000,3.084178189914580000000000000000,5.257078619408560000000000000000,1293.681858399630000000000000000000,84.521661707289500000000000000000,578.005303772512000000000000000000,631.154892919830000000000000000000,355.623698877073000000000000000000,246.084989271715000000000000000000,16.338284159616200000000000000000,131.636167981334000000000000000000,98.110537130764100000000000000000,88.664743529137200000000000000000,12.050336536439800000000000000000,44.911851205590500000000000000000,31.702555787106800000000000000000,74.633910514519800000000000000000,13.583874825729900000000000000000,46.425722641846100000000000000000,14.624313046943700000000000000000,28.965724311959100000000000000000,0.649428278520955000000000000000,4.784522132542790000000000000000,23.531773900895400000000000000000,961.656953474579000000000000000000,23.107870415895400000000000000000,577.928140869219000000000000000000,360.620942189464000000000000000000,652.608052553468000000000000000000,79.697795044873000000000000000000,422.195261327504000000000000000000,150.714996181091000000000000000000,1100.116621083110000000000000000000,118.700455048982000000000000000000,423.671704047307000000000000000000,557.744461986825000000000000000000,6300.515283455690000000000000000000,538.459537722880000000000000000000,2559.085228315440000000000000000000,3202.970517417370000000000000000000,156456.873038994000000000000000000000,15929.762644570000000000000000000000,56310.224202098900000000000000000000,84216.886192325100000000000000000000,84.353535549785100000000000000000,7.853752648246750000000000000000,40.612993187335000000000000000000,35.886789714203300000000000000000,9795.119000000000000000000000000000,1082.335000000000000000000000000000,3583.434000000000000000000000000000,5129.350000000000000000000000000000,1.501001932536190000000000000000,0.324714139260477000000000000000,1.176287793275720000000000000000,0.000000000000000000000000000000,22.012317381444500000000000000000,6.646757721201630000000000000000,12.930192791984700000000000000000,2.435366868258220000000000000000,13.240338090197000000000000000000,3.247141392604770000000000000000,6.754584463045390000000000000000,3.238612234546860000000000000000,,5.762312172488580000000000000000,0.324714139260477000000000000000,0.541190232100796000000000000000,4.896407801127310000000000000000,,31.820924914671800000000000000000,2.137950364304910000000000000000,2.124301546651320000000000000000,27.558673003715600000000000000000,16.510815605610000000000000000000,5.824895410928710000000000000000,0.884618729587319000000000000000,9.801301465093960000000000000000